<?xml version='1.0' encoding='UTF-8' ?>
<timeLogEntries>
  <time id="1" path="/Game Store pspdata/PSP0/Planning" start="@1631854156304" delta="41" />
  <time id="2" path="/Game Store pspdata/PSP0/Planning" start="@1631896905930" delta="27" />
  <time id="3" path="/Game Store pspdata/PSP0/Planning" start="@1631900400915" delta="74" />
  <time id="4" path="/Game Store pspdata/PSP0/Planning" start="@1631913792378" delta="28" />
  <time id="5" path="/Game Store pspdata/PSP0/Planning" start="@1631918195633" delta="18" />
  <time id="6" path="/Game Store pspdata/PSP0/Design" start="@1631919330787" delta="181" />
  <time id="7" path="/Game Store pspdata/PSP0/Design" start="@1631999083841" delta="59" />
  <time id="8" path="/Game Store pspdata/PSP0/Design" start="@1632003589663" delta="321" interrupt="11" />
  <time id="9" path="/Game Store pspdata/PSP0/Code" start="@1632023552852" delta="32" />
  <time id="10" path="/Game Store pspdata/PSP0/Design" start="@1632069736107" delta="12" />
  <time id="11" path="/Game Store pspdata/PSP0/Code" start="@1632070487806" delta="294" interrupt="54" />
  <time id="12" path="/Game Store pspdata/PSP0/Code" start="@1632101015603" delta="144" />
  <time id="13" path="/Game Store pspdata/PSP0/Code" start="@1632284240302" delta="102" />
</timeLogEntries>
